kylebgorman	kgorman@gc.cuny.edu	he/him
lashby	lashby@gradcenter.cuny.edu	
woliver2	woliver@gradcenter.cuny.edu he/him
cgibson6279	cgibson1@gradcenter.cuny.edu				he/him
blueCormorant	LUCA.DELSIGNORE07@login.cuny.edu		he/him
SejinOh	soh@gradcenter.cuny.edu	she/her
reubenraff	iraff@gradcenter.cuny.edu	he/him
ajmalanoski	ajmalanoski@gmail.com	they/them
ofzabun	ozabun@gradcenter.cuny.edu	he/him
ctaboy	ctaboy@gradcenter.cuny.edu	she/her
mkaramihaylova	mkaramihaylova@gmail.com	she/her
mateotyz	ytang4@gradcenter.cuny.edu	he/him
Amyrald	gimaezue@gradcenter.cuny.edu	he/him
lstove21	lstover@gradcenter.cuny.edu	she/her
mgrafu	mgraterol@gradcenter.cuny.edu	she/her
tsuleman	tsuleman@gradcenter.cuny.edu	she/her
tyjaxlanni	tlanni@gradcenter.cuny.edu	he/him
amalaissaoui	aaissaoui@gradcenter.cuny.edu	she/her
ilariaporru	iporru@gradcenter.cuny.edu	she/her
bwilkinson9743	bwilkinson@gradcenter.cuny.edu	she/her
rbloch34	rshanblatt@gradcenter.cuny.edu  she/her
srcdarienzo	srcdarienzo@gmail.com	
ealbasiri ealbasiri@gradcenter.cuny.edu she/her
Chenlittlecrab	czhou1@gradcenter.cuny.edu	she/her
victoriampage	vpage@gradceter.cuny.edu	she/her
VikramDMello	vdmello@gradcenter.cuny.edu	he/him
MeredithHilliard  mhilliard@gradcenter.cuny.edu she/her
